timestamp,employee_id
2025-05-26 05:39:30,emp001
2025-05-26 11:24:56,emp001
2025-05-26 11:25:25,emp001
2025-05-26 11:27:33,emp001
2025-05-26 11:39:58,emp001
2025-05-26 11:42:07,emp001
2025-05-26 11:48:32,emp001
2025-05-26 11:49:08,emp001
2025-05-26 11:50:49,emp001
2025-05-26 11:52:48,emp001
2025-05-26 11:52:49,emp001
2025-05-26 11:52:50,emp001
2025-05-26 11:52:51,emp001
2025-05-26 11:52:52,emp001
2025-05-26 11:54:10,emp001
2025-05-26 11:54:11,emp001
2025-05-26 11:54:12,emp001
2025-05-26 11:54:13,emp001
2025-05-26 11:54:15,emp001
2025-05-26 12:03:48,emp001
2025-05-26 12:06:34,emp001
2025-05-26 12:10:42,emp001
2025-05-26 12:10:52,emp001
2025-05-26 12:10:54,emp001
2025-05-26 12:11:16,emp001
2025-05-26 12:16:57,emp001
2025-05-26 12:16:57,emp001
2025-05-26 12:16:57,emp001
2025-05-26 12:18:19,emp001
2025-05-26 12:20:35,emp001
2025-05-26 12:22:26,emp001
2025-05-27 11:28:51,emp001
2025-05-27 11:28:52,emp001
2025-05-27 11:29:04,emp002
2025-05-27 11:29:11,emp001
2025-05-27 11:41:18,emp001
2025-05-27 11:43:16,emp001
2025-05-27 11:47:28,emp001
2025-05-27 11:47:29,emp001
2025-05-27 11:47:49,emp001
2025-05-27 11:47:50,emp001
2025-05-27 11:53:07,emp001
2025-05-27 13:25:40,emp001
